{"count":1,"self":267.5438592,"total":662.0152451,"children":{"InitializeActuators":{"count":17,"self":0.0009977,"total":0.0009977,"children":null},"InitializeSensors":{"count":17,"self":0.0009973,"total":0.0009973,"children":null},"AgentSendState":{"count":156401,"self":1.4091439,"total":8.361631,"children":{"CollectObservations":{"count":531777,"self":0.6229173,"total":0.6229173,"children":null},"WriteActionMask":{"count":531777,"self":0.19434569999999998,"total":0.19434569999999998,"children":null},"RequestDecision":{"count":531777,"self":0.97889209999999993,"total":6.1352240999999994,"children":{"AgentInfo.ToProto":{"count":500496,"self":1.0848366999999999,"total":5.156332,"children":{"GenerateSensorData":{"count":500496,"self":4.0714952,"total":4.0714953,"children":null}}}}}}},"DecideAction":{"count":156401,"self":382.2731776,"total":382.2731793,"children":null},"AgentAct":{"count":156401,"self":3.8205915999999998,"total":3.8285891999999997,"children":{"AgentInfo.ToProto":{"count":214,"self":0.0049811,"total":0.0079975999999999988,"children":{"GenerateSensorData":{"count":214,"self":0.0030164999999999997,"total":0.0030164999999999997,"children":null}}}}},"AgentInfo.ToProto":{"count":132,"self":0.0019938,"total":0.0039870999999999995,"children":{"GenerateSensorData":{"count":132,"self":0.0019933,"total":0.0019933,"children":null}}}},"gauges":{"MoveToTarget.CumulativeReward":{"count":2899,"max":2,"min":-2,"runningAverage":1.74922478,"value":0,"weightedAverage":1.47169328}},"metadata":{"timer_format_version":"0.1.0","start_time_seconds":"1673084860","unity_version":"2020.3.38f1","command_line_arguments":"C:\\Program Files\\Unity\\Hub\\Editor\\2020.3.38f1\\Editor\\Unity.exe -projectpath D:\\Development\\Practice_MLAgents_MovetoTarget -useHub -hubIPC -cloudEnvironment production -licensingIpc LicenseClient-YVGIsCGgki-43L_r5rUce -hubSessionId 1013c790-8e6b-11ed-8820-cd1f332a858c -accessToken -I9n38arHqLP73dpoLYRHS7d3j1t9Ipn0YWRhhyJReY011f","communication_protocol_version":"1.5.0","com.unity.ml-agents_version":"2.2.1-exp.1","scene_name":"SampleScene","end_time_seconds":"1673085522"}}